dozer1.jpg	buldozer
dozer2.jpg	buldozer
dozer3.jpg	buldozer
dozer4.jpg	buldozer
dozer5.jpg	buldozer
dozer6.jpg	buldozer
dozer7.jpg	buldozer
dozer8.jpg	buldozer
dozer9.jpg	buldozer
dozer10.jpg	buldozer
dozer11.jpg	buldozer
dozer12.jpg	buldozer
dozer13.jpg	buldozer
dozer14.jpg	buldozer
dozer15.jpg	buldozer
dozer16.jpg	buldozer
dozer17.jpg	buldozer
dozer18.jpg	buldozer
dozer19.jpg	buldozer
dozer20.jpg	buldozer
truck1.jpg	truck
truck2.jpg	truck
truck3.jpg	truck
truck4.jpg	truck
truck5.jpg	truck
truck6.jpg	truck
truck7.jpg	truck
truck8.jpg	truck
truck9.jpg	truck
truck10.jpg	truck
truck11.jpg	truck
truck12.jpg	truck
truck13.jpg	truck
truck14.jpg	truck
truck15.jpg	truck
truck16.jpg	truck
truck17.jpg	truck
truck18.jpg	truck
truck19.jpg	truck
truck20.jpg	truck
truck21.jpg	truck
truck22.jpg	truck
truck23.jpg	truck
truck24.jpg	truck
truck25.jpg	truck
excavator1.jpg	excavator
excavator2.jpg	excavator
excavator3.jpg	excavator
excavator4.jpg	excavator
excavator5.jpg	excavator
excavator6.jpg	excavator
excavator7.jpg	excavator
excavator8.jpg	excavator
excavator9.jpg	excavator
excavator10.jpg	excavator
excavator11.jpg	excavator
excavator12.jpg	excavator
excavator13.jpg	excavator
excavator14.jpg	excavator
excavator15.jpg	excavator
excavator16.jpg	excavator
excavator17.jpg	excavator
excavator18.jpg	excavator
excavator19.jpg	excavator
excavator20.jpg	excavator
excavator21.jpg	excavator
excavator22.jpg	excavator
excavator23.jpg	excavator
excavator24.jpg	excavator
excavator25.jpg	excavator
